Env;Object Types;Num of Objects;Seed;Gamma;Episode #;Alpha;Epsilon;Cumulative Reward;Total Steps;Goal Reached
cafeWorld;1;1;32;0.900000;0;0.300000;0.990000;-233.27;500;False
cafeWorld;1;1;32;0.900000;1;0.300000;0.980100;-260.94;500;False
cafeWorld;1;1;32;0.900000;2;0.300000;0.970299;-292.23;500;False
cafeWorld;1;1;32;0.900000;3;0.300000;0.960596;-314.31;500;False
cafeWorld;1;1;32;0.900000;4;0.300000;0.950990;-222.43;500;False
cafeWorld;1;1;32;0.900000;5;0.300000;0.941480;-206.81;500;False
cafeWorld;1;1;32;0.900000;6;0.300000;0.932065;-239.79;500;False
cafeWorld;1;1;32;0.900000;7;0.300000;0.922745;-161.57;500;False
cafeWorld;1;1;32;0.900000;8;0.300000;0.913517;-210.88;500;False
cafeWorld;1;1;32;0.900000;9;0.300000;0.904382;-318.73;500;False
cafeWorld;1;1;32;0.900000;10;0.300000;0.895338;-260.58;500;False
cafeWorld;1;1;32;0.900000;11;0.300000;0.886385;-248.57;500;False
cafeWorld;1;1;32;0.900000;12;0.300000;0.877521;-250.94;500;False
cafeWorld;1;1;32;0.900000;13;0.300000;0.868746;-202.22;500;False
cafeWorld;1;1;32;0.900000;14;0.300000;0.860058;-218.37;500;False
cafeWorld;1;1;32;0.900000;15;0.300000;0.851458;-260.30;500;False
cafeWorld;1;1;32;0.900000;16;0.300000;0.842943;-245.75;500;False
cafeWorld;1;1;32;0.900000;17;0.300000;0.834514;-286.40;500;False
cafeWorld;1;1;32;0.900000;18;0.300000;0.826169;-215.80;500;False
cafeWorld;1;1;32;0.900000;19;0.300000;0.817907;-264.78;500;False
cafeWorld;1;1;32;0.900000;20;0.300000;0.809728;-218.95;500;False
cafeWorld;1;1;32;0.900000;21;0.300000;0.801631;-199.54;500;False
cafeWorld;1;1;32;0.900000;22;0.300000;0.793614;-147.44;500;False
cafeWorld;1;1;32;0.900000;23;0.300000;0.785678;-272.87;500;False
cafeWorld;1;1;32;0.900000;24;0.300000;0.777821;-178.51;500;False
cafeWorld;1;1;32;0.900000;25;0.300000;0.770043;-245.59;500;False
cafeWorld;1;1;32;0.900000;26;0.300000;0.762343;-261.44;500;False
cafeWorld;1;1;32;0.900000;27;0.300000;0.754719;-239.70;500;False
cafeWorld;1;1;32;0.900000;28;0.300000;0.747172;-207.84;500;False
cafeWorld;1;1;32;0.900000;29;0.300000;0.739700;-197.34;500;False
cafeWorld;1;1;32;0.900000;30;0.300000;0.732303;-247.17;500;False
cafeWorld;1;1;32;0.900000;31;0.300000;0.724980;-188.58;500;False
cafeWorld;1;1;32;0.900000;32;0.300000;0.717731;-273.14;500;False
cafeWorld;1;1;32;0.900000;33;0.300000;0.710553;-283.06;500;False
cafeWorld;1;1;32;0.900000;34;0.300000;0.703448;-176.77;500;False
cafeWorld;1;1;32;0.900000;35;0.300000;0.696413;-183.93;500;False
cafeWorld;1;1;32;0.900000;36;0.300000;0.689449;-261.87;500;False
cafeWorld;1;1;32;0.900000;37;0.300000;0.682555;-171.33;500;False
cafeWorld;1;1;32;0.900000;38;0.300000;0.675729;-202.47;500;False
cafeWorld;1;1;32;0.900000;39;0.300000;0.668972;-171.81;500;False
cafeWorld;1;1;32;0.900000;40;0.300000;0.662282;-126.76;500;False
cafeWorld;1;1;32;0.900000;41;0.300000;0.655659;-127.70;500;False
cafeWorld;1;1;32;0.900000;42;0.300000;0.649103;-186.58;500;False
cafeWorld;1;1;32;0.900000;43;0.300000;0.642612;-132.49;500;False
cafeWorld;1;1;32;0.900000;44;0.300000;0.636185;-167.51;500;False
cafeWorld;1;1;32;0.900000;45;0.300000;0.629824;-140.79;500;False
cafeWorld;1;1;32;0.900000;46;0.300000;0.623525;-120.02;500;False
cafeWorld;1;1;32;0.900000;47;0.300000;0.617290;-146.03;500;False
cafeWorld;1;1;32;0.900000;48;0.300000;0.611117;-215.76;500;False
cafeWorld;1;1;32;0.900000;49;0.300000;0.605006;-125.31;500;False
cafeWorld;1;1;32;0.900000;50;0.300000;0.598956;-167.81;500;False
cafeWorld;1;1;32;0.900000;51;0.300000;0.592966;-167.03;500;False
cafeWorld;1;1;32;0.900000;52;0.300000;0.587037;-246.89;500;False
cafeWorld;1;1;32;0.900000;53;0.300000;0.581166;-129.83;500;False
cafeWorld;1;1;32;0.900000;54;0.300000;0.575355;-155.73;500;False
cafeWorld;1;1;32;0.900000;55;0.300000;0.569601;-121.52;500;False
cafeWorld;1;1;32;0.900000;56;0.300000;0.563905;-145.48;500;False
cafeWorld;1;1;32;0.900000;57;0.300000;0.558266;-115.97;500;False
cafeWorld;1;1;32;0.900000;58;0.300000;0.552683;-169.16;500;False
cafeWorld;1;1;32;0.900000;59;0.300000;0.547157;-118.11;500;False
cafeWorld;1;1;32;0.900000;60;0.300000;0.541685;-173.05;500;False
cafeWorld;1;1;32;0.900000;61;0.300000;0.536268;-184.24;500;False
cafeWorld;1;1;32;0.900000;62;0.300000;0.530906;-172.54;500;False
cafeWorld;1;1;32;0.900000;63;0.300000;0.525596;-197.07;500;False
cafeWorld;1;1;32;0.900000;64;0.300000;0.520341;-147.17;500;False
cafeWorld;1;1;32;0.900000;65;0.300000;0.515137;-78.15;500;False
cafeWorld;1;1;32;0.900000;66;0.300000;0.509986;-220.38;500;False
cafeWorld;1;1;32;0.900000;67;0.300000;0.504886;-151.40;500;False
cafeWorld;1;1;32;0.900000;68;0.300000;0.499837;-231.21;500;False
cafeWorld;1;1;32;0.900000;69;0.300000;0.494839;-179.64;500;False
cafeWorld;1;1;32;0.900000;70;0.300000;0.489890;-74.26;500;False
cafeWorld;1;1;32;0.900000;71;0.300000;0.484991;-135.22;500;False
cafeWorld;1;1;32;0.900000;72;0.300000;0.480141;-105.80;500;False
cafeWorld;1;1;32;0.900000;73;0.300000;0.475340;-124.61;500;False
cafeWorld;1;1;32;0.900000;74;0.300000;0.470587;-147.16;500;False
cafeWorld;1;1;32;0.900000;75;0.300000;0.465881;-161.28;500;False
cafeWorld;1;1;32;0.900000;76;0.300000;0.461222;-137.19;500;False
cafeWorld;1;1;32;0.900000;77;0.300000;0.456610;-112.94;500;False
cafeWorld;1;1;32;0.900000;78;0.300000;0.452044;-157.50;500;False
cafeWorld;1;1;32;0.900000;79;0.300000;0.447523;-131.80;500;False
cafeWorld;1;1;32;0.900000;80;0.300000;0.443048;-129.51;500;False
cafeWorld;1;1;32;0.900000;81;0.300000;0.438618;-121.41;500;False
cafeWorld;1;1;32;0.900000;82;0.300000;0.434231;-85.50;500;False
cafeWorld;1;1;32;0.900000;83;0.300000;0.429889;-149.47;500;False
cafeWorld;1;1;32;0.900000;84;0.300000;0.425590;-124.14;500;False
cafeWorld;1;1;32;0.900000;85;0.300000;0.421334;-68.01;500;False
cafeWorld;1;1;32;0.900000;86;0.300000;0.417121;-82.62;500;False
cafeWorld;1;1;32;0.900000;87;0.300000;0.412950;-182.13;500;False
cafeWorld;1;1;32;0.900000;88;0.300000;0.408820;-156.21;500;False
cafeWorld;1;1;32;0.900000;89;0.300000;0.404732;-208.05;500;False
cafeWorld;1;1;32;0.900000;90;0.300000;0.400685;-130.39;500;False
cafeWorld;1;1;32;0.900000;91;0.300000;0.396678;-53.28;500;False
cafeWorld;1;1;32;0.900000;92;0.300000;0.392711;-85.46;500;False
cafeWorld;1;1;32;0.900000;93;0.300000;0.388784;-99.59;500;False
cafeWorld;1;1;32;0.900000;94;0.300000;0.384896;-125.52;500;False
cafeWorld;1;1;32;0.900000;95;0.300000;0.381047;-102.19;500;False
cafeWorld;1;1;32;0.900000;96;0.300000;0.377237;-112.29;500;False
cafeWorld;1;1;32;0.900000;97;0.300000;0.373464;-147.61;500;False
cafeWorld;1;1;32;0.900000;98;0.300000;0.369730;-108.90;500;False
cafeWorld;1;1;32;0.900000;99;0.300000;0.366032;-85.50;500;False
cafeWorld;1;1;32;0.900000;100;0.300000;0.362372;-70.88;500;False
cafeWorld;1;1;32;0.900000;101;0.300000;0.358748;-48.54;500;False
cafeWorld;1;1;32;0.900000;102;0.300000;0.355161;-67.78;500;False
cafeWorld;1;1;32;0.900000;103;0.300000;0.351609;-145.99;500;False
cafeWorld;1;1;32;0.900000;104;0.300000;0.348093;-129.55;500;False
cafeWorld;1;1;32;0.900000;105;0.300000;0.344612;-123.59;500;False
cafeWorld;1;1;32;0.900000;106;0.300000;0.341166;-106.93;500;False
cafeWorld;1;1;32;0.900000;107;0.300000;0.337754;-61.19;500;False
cafeWorld;1;1;32;0.900000;108;0.300000;0.334377;-99.09;500;False
cafeWorld;1;1;32;0.900000;109;0.300000;0.331033;-76.65;500;False
cafeWorld;1;1;32;0.900000;110;0.300000;0.327723;-88.59;500;False
cafeWorld;1;1;32;0.900000;111;0.300000;0.324446;-97.93;500;False
cafeWorld;1;1;32;0.900000;112;0.300000;0.321201;-93.16;500;False
cafeWorld;1;1;32;0.900000;113;0.300000;0.317989;-98.14;500;False
cafeWorld;1;1;32;0.900000;114;0.300000;0.314809;-82.80;500;False
cafeWorld;1;1;32;0.900000;115;0.300000;0.311661;-102.96;500;False
cafeWorld;1;1;32;0.900000;116;0.300000;0.308544;-74.26;500;False
cafeWorld;1;1;32;0.900000;117;0.300000;0.305459;-71.62;500;False
cafeWorld;1;1;32;0.900000;118;0.300000;0.302404;-36.43;500;False
cafeWorld;1;1;32;0.900000;119;0.300000;0.299380;-73.75;500;False
cafeWorld;1;1;32;0.900000;120;0.300000;0.296387;-72.78;500;False
cafeWorld;1;1;32;0.900000;121;0.300000;0.293423;-63.53;500;False
cafeWorld;1;1;32;0.900000;122;0.300000;0.290488;-77.42;500;False
cafeWorld;1;1;32;0.900000;123;0.300000;0.287584;-112.97;500;False
cafeWorld;1;1;32;0.900000;124;0.300000;0.284708;-77.99;500;False
cafeWorld;1;1;32;0.900000;125;0.300000;0.281861;-159.96;500;False
cafeWorld;1;1;32;0.900000;126;0.300000;0.279042;-61.64;500;False
cafeWorld;1;1;32;0.900000;127;0.300000;0.276252;-82.92;500;False
cafeWorld;1;1;32;0.900000;128;0.300000;0.273489;-133.57;500;False
cafeWorld;1;1;32;0.900000;129;0.300000;0.270754;-103.09;500;False
cafeWorld;1;1;32;0.900000;130;0.300000;0.268047;-155.02;500;False
cafeWorld;1;1;32;0.900000;131;0.300000;0.265366;-108.76;500;False
cafeWorld;1;1;32;0.900000;132;0.300000;0.262713;-30.90;500;False
cafeWorld;1;1;32;0.900000;133;0.300000;0.260085;-91.16;500;False
cafeWorld;1;1;32;0.900000;134;0.300000;0.257485;-159.22;500;False
cafeWorld;1;1;32;0.900000;135;0.300000;0.254910;-102.57;500;False
cafeWorld;1;1;32;0.900000;136;0.300000;0.252361;-81.59;500;False
cafeWorld;1;1;32;0.900000;137;0.300000;0.249837;-57.08;500;False
cafeWorld;1;1;32;0.900000;138;0.300000;0.247339;-83.52;500;False
cafeWorld;1;1;32;0.900000;139;0.300000;0.244865;-69.90;500;False
cafeWorld;1;1;32;0.900000;140;0.300000;0.242417;-65.90;500;False
cafeWorld;1;1;32;0.900000;141;0.300000;0.239992;-51.24;500;False
cafeWorld;1;1;32;0.900000;142;0.300000;0.237593;-141.75;500;False
cafeWorld;1;1;32;0.900000;143;0.300000;0.235217;-91.72;500;False
cafeWorld;1;1;32;0.900000;144;0.300000;0.232864;-81.79;500;False
cafeWorld;1;1;32;0.900000;145;0.300000;0.230536;-76.23;500;False
cafeWorld;1;1;32;0.900000;146;0.300000;0.228230;-85.86;500;False
cafeWorld;1;1;32;0.900000;147;0.300000;0.225948;-29.62;500;False
cafeWorld;1;1;32;0.900000;148;0.300000;0.223689;-90.19;500;False
cafeWorld;1;1;32;0.900000;149;0.300000;0.221452;-73.26;500;False
cafeWorld;1;1;32;0.900000;150;0.300000;0.219237;-60.01;500;False
cafeWorld;1;1;32;0.900000;151;0.300000;0.217045;-131.74;500;False
cafeWorld;1;1;32;0.900000;152;0.300000;0.214874;-29.01;500;False
cafeWorld;1;1;32;0.900000;153;0.300000;0.212726;-35.36;500;False
cafeWorld;1;1;32;0.900000;154;0.300000;0.210598;-81.50;500;False
cafeWorld;1;1;32;0.900000;155;0.300000;0.208492;-67.56;500;False
cafeWorld;1;1;32;0.900000;156;0.300000;0.206408;-44.68;500;False
cafeWorld;1;1;32;0.900000;157;0.300000;0.204343;-42.09;500;False
cafeWorld;1;1;32;0.900000;158;0.300000;0.202300;-30.72;500;False
cafeWorld;1;1;32;0.900000;159;0.300000;0.200277;-42.72;500;False
cafeWorld;1;1;32;0.900000;160;0.300000;0.198274;-93.94;500;False
cafeWorld;1;1;32;0.900000;161;0.300000;0.196292;-56.63;500;False
cafeWorld;1;1;32;0.900000;162;0.300000;0.194329;-119.49;500;False
cafeWorld;1;1;32;0.900000;163;0.300000;0.192385;-56.88;500;False
cafeWorld;1;1;32;0.900000;164;0.300000;0.190461;-42.16;500;False
cafeWorld;1;1;32;0.900000;165;0.300000;0.188557;-49.38;500;False
cafeWorld;1;1;32;0.900000;166;0.300000;0.186671;-64.98;500;False
cafeWorld;1;1;32;0.900000;167;0.300000;0.184805;-52.35;500;False
cafeWorld;1;1;32;0.900000;168;0.300000;0.182957;-69.97;500;False
cafeWorld;1;1;32;0.900000;169;0.300000;0.181127;-101.89;500;False
cafeWorld;1;1;32;0.900000;170;0.300000;0.179316;-97.20;500;False
cafeWorld;1;1;32;0.900000;171;0.300000;0.177523;-37.55;500;False
cafeWorld;1;1;32;0.900000;172;0.300000;0.175747;-61.99;500;False
cafeWorld;1;1;32;0.900000;173;0.300000;0.173990;-96.91;500;False
cafeWorld;1;1;32;0.900000;174;0.300000;0.172250;-62.13;500;False
cafeWorld;1;1;32;0.900000;175;0.300000;0.170527;-76.20;500;False
cafeWorld;1;1;32;0.900000;176;0.300000;0.168822;-39.01;500;False
cafeWorld;1;1;32;0.900000;177;0.300000;0.167134;-107.83;500;False
cafeWorld;1;1;32;0.900000;178;0.300000;0.165463;-46.03;500;False
cafeWorld;1;1;32;0.900000;179;0.300000;0.163808;-58.07;500;False
cafeWorld;1;1;32;0.900000;180;0.300000;0.162170;-48.27;500;False
cafeWorld;1;1;32;0.900000;181;0.300000;0.160548;-96.89;500;False
cafeWorld;1;1;32;0.900000;182;0.300000;0.158943;-27.86;500;False
cafeWorld;1;1;32;0.900000;183;0.300000;0.157353;-92.02;500;False
cafeWorld;1;1;32;0.900000;184;0.300000;0.155780;-45.99;500;False
cafeWorld;1;1;32;0.900000;185;0.300000;0.154222;-37.12;500;False
cafeWorld;1;1;32;0.900000;186;0.300000;0.152680;-42.79;500;False
cafeWorld;1;1;32;0.900000;187;0.300000;0.151153;-47.50;500;False
cafeWorld;1;1;32;0.900000;188;0.300000;0.149641;-50.22;500;False
cafeWorld;1;1;32;0.900000;189;0.300000;0.148145;-38.50;500;False
cafeWorld;1;1;32;0.900000;190;0.300000;0.146664;-24.84;500;False
cafeWorld;1;1;32;0.900000;191;0.300000;0.145197;-64.29;500;False
cafeWorld;1;1;32;0.900000;192;0.300000;0.143745;-66.57;500;False
cafeWorld;1;1;32;0.900000;193;0.300000;0.142307;-49.70;500;False
cafeWorld;1;1;32;0.900000;194;0.300000;0.140884;-82.85;500;False
cafeWorld;1;1;32;0.900000;195;0.300000;0.139476;-79.03;500;False
cafeWorld;1;1;32;0.900000;196;0.300000;0.138081;-43.96;500;False
cafeWorld;1;1;32;0.900000;197;0.300000;0.136700;-100.16;500;False
cafeWorld;1;1;32;0.900000;198;0.300000;0.135333;-23.78;500;False
cafeWorld;1;1;32;0.900000;199;0.300000;0.133980;-36.66;500;False
cafeWorld;1;1;32;0.900000;200;0.300000;0.132640;-53.60;500;False
cafeWorld;1;1;32;0.900000;201;0.300000;0.131313;-29.90;500;False
cafeWorld;1;1;32;0.900000;202;0.300000;0.130000;-47.98;500;False
cafeWorld;1;1;32;0.900000;203;0.300000;0.128700;-26.37;500;False
cafeWorld;1;1;32;0.900000;204;0.300000;0.127413;-20.33;500;False
cafeWorld;1;1;32;0.900000;205;0.300000;0.126139;-82.58;500;False
cafeWorld;1;1;32;0.900000;206;0.300000;0.124878;-55.91;500;False
cafeWorld;1;1;32;0.900000;207;0.300000;0.123629;-50.19;500;False
cafeWorld;1;1;32;0.900000;208;0.300000;0.122393;-63.50;500;False
cafeWorld;1;1;32;0.900000;209;0.300000;0.121169;-28.53;500;False
cafeWorld;1;1;32;0.900000;210;0.300000;0.119957;-44.85;500;False
cafeWorld;1;1;32;0.900000;211;0.300000;0.118758;-80.51;500;False
cafeWorld;1;1;32;0.900000;212;0.300000;0.117570;-20.43;500;False
cafeWorld;1;1;32;0.900000;213;0.300000;0.116394;-17.86;500;False
cafeWorld;1;1;32;0.900000;214;0.300000;0.115230;-39.65;500;False
cafeWorld;1;1;32;0.900000;215;0.300000;0.114078;-81.10;500;False
cafeWorld;1;1;32;0.900000;216;0.300000;0.112937;-63.79;500;False
cafeWorld;1;1;32;0.900000;217;0.300000;0.111808;-59.52;500;False
cafeWorld;1;1;32;0.900000;218;0.300000;0.110690;-70.11;500;False
cafeWorld;1;1;32;0.900000;219;0.300000;0.109583;-43.98;500;False
cafeWorld;1;1;32;0.900000;220;0.300000;0.108487;-42.86;500;False
cafeWorld;1;1;32;0.900000;221;0.300000;0.107402;-25.12;500;False
cafeWorld;1;1;32;0.900000;222;0.300000;0.106328;-42.77;500;False
cafeWorld;1;1;32;0.900000;223;0.300000;0.105265;-22.97;500;False
cafeWorld;1;1;32;0.900000;224;0.300000;0.104212;-27.55;500;False
cafeWorld;1;1;32;0.900000;225;0.300000;0.103170;-53.72;500;False
cafeWorld;1;1;32;0.900000;226;0.300000;0.102138;-29.79;500;False
cafeWorld;1;1;32;0.900000;227;0.300000;0.101117;-57.63;500;False
cafeWorld;1;1;32;0.900000;228;0.300000;0.100106;-42.86;500;False
cafeWorld;1;1;32;0.900000;229;0.300000;0.099105;-36.53;500;False
cafeWorld;1;1;32;0.900000;230;0.300000;0.098114;-22.99;500;False
cafeWorld;1;1;32;0.900000;231;0.300000;0.097133;-74.43;500;False
cafeWorld;1;1;32;0.900000;232;0.300000;0.096161;-36.18;500;False
cafeWorld;1;1;32;0.900000;233;0.300000;0.095200;-55.04;500;False
cafeWorld;1;1;32;0.900000;234;0.300000;0.094248;-23.81;500;False
cafeWorld;1;1;32;0.900000;235;0.300000;0.093305;-27.34;500;False
cafeWorld;1;1;32;0.900000;236;0.300000;0.092372;-77.76;500;False
cafeWorld;1;1;32;0.900000;237;0.300000;0.091448;-40.37;500;False
cafeWorld;1;1;32;0.900000;238;0.300000;0.090534;-55.91;500;False
cafeWorld;1;1;32;0.900000;239;0.300000;0.089629;-86.54;500;False
cafeWorld;1;1;32;0.900000;240;0.300000;0.088732;-85.78;500;False
cafeWorld;1;1;32;0.900000;241;0.300000;0.087845;-50.00;500;False
cafeWorld;1;1;32;0.900000;242;0.300000;0.086967;-83.78;500;False
cafeWorld;1;1;32;0.900000;243;0.300000;0.086097;-38.39;500;False
cafeWorld;1;1;32;0.900000;244;0.300000;0.085236;-21.43;500;False
cafeWorld;1;1;32;0.900000;245;0.300000;0.084384;-22.36;500;False
cafeWorld;1;1;32;0.900000;246;0.300000;0.083540;-64.05;500;False
cafeWorld;1;1;32;0.900000;247;0.300000;0.082704;-37.05;500;False
cafeWorld;1;1;32;0.900000;248;0.300000;0.081877;-21.62;438;True
cafeWorld;1;1;32;0.900000;249;0.300000;0.081059;-20.92;500;False
cafeWorld;1;1;32;0.900000;250;0.300000;0.080248;-20.51;500;False
cafeWorld;1;1;32;0.900000;251;0.300000;0.079445;-24.87;500;False
cafeWorld;1;1;32;0.900000;252;0.300000;0.078651;-19.04;500;False
cafeWorld;1;1;32;0.900000;253;0.300000;0.077864;-45.24;500;False
cafeWorld;1;1;32;0.900000;254;0.300000;0.077086;-19.09;500;False
cafeWorld;1;1;32;0.900000;255;0.300000;0.076315;-21.85;153;True
cafeWorld;1;1;32;0.900000;256;0.300000;0.075552;-18.70;500;False
cafeWorld;1;1;32;0.900000;257;0.300000;0.074796;-22.01;210;True
cafeWorld;1;1;32;0.900000;258;0.300000;0.074048;-92.79;500;False
cafeWorld;1;1;32;0.900000;259;0.300000;0.073308;-21.44;303;True
cafeWorld;1;1;32;0.900000;260;0.300000;0.072575;-32.75;251;True
cafeWorld;1;1;32;0.900000;261;0.300000;0.071849;-15.92;485;True
cafeWorld;1;1;32;0.900000;262;0.300000;0.071131;-10.38;135;True
cafeWorld;1;1;32;0.900000;263;0.300000;0.070419;-20.10;425;True
cafeWorld;1;1;32;0.900000;264;0.300000;0.069715;-24.75;500;False
cafeWorld;1;1;32;0.900000;265;0.300000;0.069018;-70.48;294;True
cafeWorld;1;1;32;0.900000;266;0.300000;0.068328;-55.22;191;True
cafeWorld;1;1;32;0.900000;267;0.300000;0.067644;-14.76;121;True
cafeWorld;1;1;32;0.900000;268;0.300000;0.066968;-37.49;500;False
cafeWorld;1;1;32;0.900000;269;0.300000;0.066298;-26.28;215;True
cafeWorld;1;1;32;0.900000;270;0.300000;0.065635;-32.35;117;True
cafeWorld;1;1;32;0.900000;271;0.300000;0.064979;-20.59;119;True
cafeWorld;1;1;32;0.900000;272;0.300000;0.064329;-33.85;109;True
cafeWorld;1;1;32;0.900000;273;0.300000;0.063686;-66.10;157;True
cafeWorld;1;1;32;0.900000;274;0.300000;0.063049;-13.72;115;True
cafeWorld;1;1;32;0.900000;275;0.300000;0.062419;-48.18;206;True
cafeWorld;1;1;32;0.900000;276;0.300000;0.061794;-17.28;192;True
cafeWorld;1;1;32;0.900000;277;0.300000;0.061176;-20.68;191;True
cafeWorld;1;1;32;0.900000;278;0.300000;0.060565;-18.68;87;True
cafeWorld;1;1;32;0.900000;279;0.300000;0.059959;-41.16;192;True
cafeWorld;1;1;32;0.900000;280;0.300000;0.059359;-30.19;173;True
cafeWorld;1;1;32;0.900000;281;0.300000;0.058766;-20.51;95;True
cafeWorld;1;1;32;0.900000;282;0.300000;0.058178;-20.28;107;True
cafeWorld;1;1;32;0.900000;283;0.300000;0.057596;-16.81;83;True
cafeWorld;1;1;32;0.900000;284;0.300000;0.057020;-50.23;105;True
cafeWorld;1;1;32;0.900000;285;0.300000;0.056450;-20.18;98;True
cafeWorld;1;1;32;0.900000;286;0.300000;0.055886;-51.86;90;True
cafeWorld;1;1;32;0.900000;287;0.300000;0.055327;-24.37;115;True
cafeWorld;1;1;32;0.900000;288;0.300000;0.054774;-19.32;338;True
cafeWorld;1;1;32;0.900000;289;0.300000;0.054226;-12.78;79;True
cafeWorld;1;1;32;0.900000;290;0.300000;0.053684;-29.31;86;True
cafeWorld;1;1;32;0.900000;291;0.300000;0.053147;-50.78;90;True
cafeWorld;1;1;32;0.900000;292;0.300000;0.052615;-23.86;94;True
cafeWorld;1;1;32;0.900000;293;0.300000;0.052089;-24.73;181;True
cafeWorld;1;1;32;0.900000;294;0.300000;0.051568;-56.91;99;True
cafeWorld;1;1;32;0.900000;295;0.300000;0.051053;-31.09;82;True
cafeWorld;1;1;32;0.900000;296;0.300000;0.050542;-22.45;85;True
cafeWorld;1;1;32;0.900000;297;0.300000;0.050037;-17.44;82;True
cafeWorld;1;1;32;0.900000;298;0.300000;0.049536;-15.80;293;True
cafeWorld;1;1;32;0.900000;299;0.300000;0.049041;-14.91;83;True
cafeWorld;1;1;32;0.900000;300;0.300000;0.048550;-21.91;93;True
cafeWorld;1;1;32;0.900000;301;0.300000;0.048065;-19.86;93;True
cafeWorld;1;1;32;0.900000;302;0.300000;0.047584;-15.45;89;True
cafeWorld;1;1;32;0.900000;303;0.300000;0.047108;-20.12;93;True
cafeWorld;1;1;32;0.900000;304;0.300000;0.046637;-20.65;77;True
cafeWorld;1;1;32;0.900000;305;0.300000;0.046171;-46.35;80;True
cafeWorld;1;1;32;0.900000;306;0.300000;0.045709;-16.88;84;True
cafeWorld;1;1;32;0.900000;307;0.300000;0.045252;-29.22;97;True
cafeWorld;1;1;32;0.900000;308;0.300000;0.044800;-37.56;76;True
cafeWorld;1;1;32;0.900000;309;0.300000;0.044352;-30.32;88;True
cafeWorld;1;1;32;0.900000;310;0.300000;0.043908;-15.94;82;True
cafeWorld;1;1;32;0.900000;311;0.300000;0.043469;-47.38;86;True
cafeWorld;1;1;32;0.900000;312;0.300000;0.043034;-28.41;100;True
cafeWorld;1;1;32;0.900000;313;0.300000;0.042604;-12.18;500;False
cafeWorld;1;1;32;0.900000;314;0.300000;0.042178;-19.87;82;True
cafeWorld;1;1;32;0.900000;315;0.300000;0.041756;-25.73;98;True
cafeWorld;1;1;32;0.900000;316;0.300000;0.041339;-15.98;79;True
cafeWorld;1;1;32;0.900000;317;0.300000;0.040925;-15.36;101;True
cafeWorld;1;1;32;0.900000;318;0.300000;0.040516;-17.65;98;True
cafeWorld;1;1;32;0.900000;319;0.300000;0.040111;-28.51;89;True
cafeWorld;1;1;32;0.900000;320;0.300000;0.039710;-48.46;90;True
cafeWorld;1;1;32;0.900000;321;0.300000;0.039313;-17.57;85;True
cafeWorld;1;1;32;0.900000;322;0.300000;0.038920;-31.40;98;True
cafeWorld;1;1;32;0.900000;323;0.300000;0.038530;-16.28;83;True
cafeWorld;1;1;32;0.900000;324;0.300000;0.038145;-17.54;86;True
cafeWorld;1;1;32;0.900000;325;0.300000;0.037764;-16.78;83;True
cafeWorld;1;1;32;0.900000;326;0.300000;0.037386;-19.69;88;True
cafeWorld;1;1;32;0.900000;327;0.300000;0.037012;-38.31;77;True
cafeWorld;1;1;32;0.900000;328;0.300000;0.036642;-16.75;90;True
cafeWorld;1;1;32;0.900000;329;0.300000;0.036276;-12.24;87;True
cafeWorld;1;1;32;0.900000;330;0.300000;0.035913;-28.05;89;True
cafeWorld;1;1;32;0.900000;331;0.300000;0.035554;-12.92;75;True
cafeWorld;1;1;32;0.900000;332;0.300000;0.035198;-48.46;103;True
cafeWorld;1;1;32;0.900000;333;0.300000;0.034846;-22.40;170;True
cafeWorld;1;1;32;0.900000;334;0.300000;0.034498;-22.48;84;True
cafeWorld;1;1;32;0.900000;335;0.300000;0.034153;-18.04;77;True
cafeWorld;1;1;32;0.900000;336;0.300000;0.033811;-23.44;89;True
cafeWorld;1;1;32;0.900000;337;0.300000;0.033473;-62.92;83;True
cafeWorld;1;1;32;0.900000;338;0.300000;0.033138;-15.14;78;True
cafeWorld;1;1;32;0.900000;339;0.300000;0.032807;-43.97;98;True
cafeWorld;1;1;32;0.900000;340;0.300000;0.032479;-28.98;113;True
cafeWorld;1;1;32;0.900000;341;0.300000;0.032154;-38.33;95;True
cafeWorld;1;1;32;0.900000;342;0.300000;0.031833;-18.67;86;True
cafeWorld;1;1;32;0.900000;343;0.300000;0.031514;-22.98;93;True
cafeWorld;1;1;32;0.900000;344;0.300000;0.031199;-17.08;82;True
cafeWorld;1;1;32;0.900000;345;0.300000;0.030887;-22.47;85;True
cafeWorld;1;1;32;0.900000;346;0.300000;0.030578;-12.79;77;True
cafeWorld;1;1;32;0.900000;347;0.300000;0.030272;-29.69;90;True
cafeWorld;1;1;32;0.900000;348;0.300000;0.029970;-17.67;91;True
cafeWorld;1;1;32;0.900000;349;0.300000;0.029670;-17.98;84;True
cafeWorld;1;1;32;0.900000;350;0.300000;0.029373;-22.40;82;True
cafeWorld;1;1;32;0.900000;351;0.300000;0.029080;-15.36;84;True
cafeWorld;1;1;32;0.900000;352;0.300000;0.028789;-32.92;97;True
cafeWorld;1;1;32;0.900000;353;0.300000;0.028501;-13.44;81;True
cafeWorld;1;1;32;0.900000;354;0.300000;0.028216;-18.73;93;True
cafeWorld;1;1;32;0.900000;355;0.300000;0.027934;-16.25;86;True
cafeWorld;1;1;32;0.900000;356;0.300000;0.027654;-34.56;87;True
cafeWorld;1;1;32;0.900000;357;0.300000;0.027378;-20.66;89;True
cafeWorld;1;1;32;0.900000;358;0.300000;0.027104;-18.95;91;True
cafeWorld;1;1;32;0.900000;359;0.300000;0.026833;-14.17;82;True
cafeWorld;1;1;32;0.900000;360;0.300000;0.026565;-18.64;88;True
cafeWorld;1;1;32;0.900000;361;0.300000;0.026299;-15.45;82;True
cafeWorld;1;1;32;0.900000;362;0.300000;0.026036;-18.27;83;True
cafeWorld;1;1;32;0.900000;363;0.300000;0.025776;-17.92;86;True
cafeWorld;1;1;32;0.900000;364;0.300000;0.025518;-50.22;87;True
cafeWorld;1;1;32;0.900000;365;0.300000;0.025263;-18.59;99;True
cafeWorld;1;1;32;0.900000;366;0.300000;0.025010;-28.10;106;True
cafeWorld;1;1;32;0.900000;367;0.300000;0.024760;-18.90;87;True
cafeWorld;1;1;32;0.900000;368;0.300000;0.024512;-22.69;92;True
cafeWorld;1;1;32;0.900000;369;0.300000;0.024267;-35.20;90;True
cafeWorld;1;1;32;0.900000;370;0.300000;0.024025;-17.80;79;True
cafeWorld;1;1;32;0.900000;371;0.300000;0.023784;-21.29;82;True
cafeWorld;1;1;32;0.900000;372;0.300000;0.023547;-13.39;78;True
cafeWorld;1;1;32;0.900000;373;0.300000;0.023311;-19.03;94;True
cafeWorld;1;1;32;0.900000;374;0.300000;0.023078;-17.76;85;True
cafeWorld;1;1;32;0.900000;375;0.300000;0.022847;-20.08;86;True
cafeWorld;1;1;32;0.900000;376;0.300000;0.022619;-14.16;88;True
cafeWorld;1;1;32;0.900000;377;0.300000;0.022393;-13.24;85;True
cafeWorld;1;1;32;0.900000;378;0.300000;0.022169;-14.61;79;True
cafeWorld;1;1;32;0.900000;379;0.300000;0.021947;-16.91;87;True
cafeWorld;1;1;32;0.900000;380;0.300000;0.021727;-16.38;85;True
cafeWorld;1;1;32;0.900000;381;0.300000;0.021510;-22.19;93;True
cafeWorld;1;1;32;0.900000;382;0.300000;0.021295;-59.62;89;True
cafeWorld;1;1;32;0.900000;383;0.300000;0.021082;-15.86;83;True
cafeWorld;1;1;32;0.900000;384;0.300000;0.020871;-28.53;81;True
cafeWorld;1;1;32;0.900000;385;0.300000;0.020663;-18.76;96;True
cafeWorld;1;1;32;0.900000;386;0.300000;0.020456;-5.99;70;True
cafeWorld;1;1;32;0.900000;387;0.300000;0.020251;-29.99;99;True
cafeWorld;1;1;32;0.900000;388;0.300000;0.020049;-30.94;101;True
cafeWorld;1;1;32;0.900000;389;0.300000;0.019848;-18.94;88;True
cafeWorld;1;1;32;0.900000;390;0.300000;0.019650;-27.96;81;True
cafeWorld;1;1;32;0.900000;391;0.300000;0.019453;-23.80;103;True
cafeWorld;1;1;32;0.900000;392;0.300000;0.019259;-16.16;88;True
cafeWorld;1;1;32;0.900000;393;0.300000;0.019066;-17.54;92;True
cafeWorld;1;1;32;0.900000;394;0.300000;0.018876;-17.13;92;True
cafeWorld;1;1;32;0.900000;395;0.300000;0.018687;-21.90;83;True
cafeWorld;1;1;32;0.900000;396;0.300000;0.018500;-26.00;86;True
cafeWorld;1;1;32;0.900000;397;0.300000;0.018315;-13.98;88;True
cafeWorld;1;1;32;0.900000;398;0.300000;0.018132;-10.18;71;True
cafeWorld;1;1;32;0.900000;399;0.300000;0.017951;-16.48;85;True
cafeWorld;1;1;32;0.900000;400;0.300000;0.017771;-15.06;77;True
cafeWorld;1;1;32;0.900000;401;0.300000;0.017593;-22.07;105;True
cafeWorld;1;1;32;0.900000;402;0.300000;0.017417;-42.33;81;True
cafeWorld;1;1;32;0.900000;403;0.300000;0.017243;-66.15;92;True
cafeWorld;1;1;32;0.900000;404;0.300000;0.017071;-17.62;89;True
cafeWorld;1;1;32;0.900000;405;0.300000;0.016900;-22.85;95;True
cafeWorld;1;1;32;0.900000;406;0.300000;0.016731;-37.01;98;True
cafeWorld;1;1;32;0.900000;407;0.300000;0.016564;-19.01;83;True
cafeWorld;1;1;32;0.900000;408;0.300000;0.016398;-17.55;90;True
cafeWorld;1;1;32;0.900000;409;0.300000;0.016234;-17.08;89;True
cafeWorld;1;1;32;0.900000;410;0.300000;0.016072;-17.36;85;True
cafeWorld;1;1;32;0.900000;411;0.300000;0.015911;-11.72;71;True
cafeWorld;1;1;32;0.900000;412;0.300000;0.015752;-16.80;88;True
cafeWorld;1;1;32;0.900000;413;0.300000;0.015594;-17.18;88;True
cafeWorld;1;1;32;0.900000;414;0.300000;0.015439;-13.89;72;True
cafeWorld;1;1;32;0.900000;415;0.300000;0.015284;-18.81;80;True
cafeWorld;1;1;32;0.900000;416;0.300000;0.015131;-14.31;95;True
cafeWorld;1;1;32;0.900000;417;0.300000;0.014980;-13.02;75;True
cafeWorld;1;1;32;0.900000;418;0.300000;0.014830;-25.68;84;True
cafeWorld;1;1;32;0.900000;419;0.300000;0.014682;-20.03;87;True
cafeWorld;1;1;32;0.900000;420;0.300000;0.014535;-14.46;77;True
cafeWorld;1;1;32;0.900000;421;0.300000;0.014390;-17.67;85;True
cafeWorld;1;1;32;0.900000;422;0.300000;0.014246;-19.30;78;True
cafeWorld;1;1;32;0.900000;423;0.300000;0.014103;-61.53;83;True
cafeWorld;1;1;32;0.900000;424;0.300000;0.013962;-17.91;134;True
cafeWorld;1;1;32;0.900000;425;0.300000;0.013823;-19.01;101;True
cafeWorld;1;1;32;0.900000;426;0.300000;0.013684;-13.38;78;True
cafeWorld;1;1;32;0.900000;427;0.300000;0.013548;-16.55;82;True
cafeWorld;1;1;32;0.900000;428;0.300000;0.013412;-12.01;79;True
cafeWorld;1;1;32;0.900000;429;0.300000;0.013278;-16.73;81;True
cafeWorld;1;1;32;0.900000;430;0.300000;0.013145;-15.04;81;True
cafeWorld;1;1;32;0.900000;431;0.300000;0.013014;-16.45;82;True
cafeWorld;1;1;32;0.900000;432;0.300000;0.012884;-17.48;86;True
cafeWorld;1;1;32;0.900000;433;0.300000;0.012755;-23.04;86;True
cafeWorld;1;1;32;0.900000;434;0.300000;0.012627;-16.82;81;True
cafeWorld;1;1;32;0.900000;435;0.300000;0.012501;-17.41;91;True
cafeWorld;1;1;32;0.900000;436;0.300000;0.012376;-16.69;89;True
cafeWorld;1;1;32;0.900000;437;0.300000;0.012252;-17.85;75;True
cafeWorld;1;1;32;0.900000;438;0.300000;0.012130;-16.87;80;True
cafeWorld;1;1;32;0.900000;439;0.300000;0.012008;-17.46;82;True
cafeWorld;1;1;32;0.900000;440;0.300000;0.011888;-19.13;88;True
cafeWorld;1;1;32;0.900000;441;0.300000;0.011769;-13.62;81;True
cafeWorld;1;1;32;0.900000;442;0.300000;0.011652;-13.13;80;True
cafeWorld;1;1;32;0.900000;443;0.300000;0.011535;-13.23;78;True
cafeWorld;1;1;32;0.900000;444;0.300000;0.011420;-10.10;71;True
cafeWorld;1;1;32;0.900000;445;0.300000;0.011306;-42.76;108;True
cafeWorld;1;1;32;0.900000;446;0.300000;0.011193;-16.97;82;True
cafeWorld;1;1;32;0.900000;447;0.300000;0.011081;-18.33;86;True
cafeWorld;1;1;32;0.900000;448;0.300000;0.010970;-16.65;83;True
cafeWorld;1;1;32;0.900000;449;0.300000;0.010860;-14.19;78;True
cafeWorld;1;1;32;0.900000;450;0.300000;0.010752;-18.10;88;True
cafeWorld;1;1;32;0.900000;451;0.300000;0.010644;-16.27;84;True
cafeWorld;1;1;32;0.900000;452;0.300000;0.010538;-14.15;76;True
cafeWorld;1;1;32;0.900000;453;0.300000;0.010432;-16.22;85;True
cafeWorld;1;1;32;0.900000;454;0.300000;0.010328;-17.17;95;True
cafeWorld;1;1;32;0.900000;455;0.300000;0.010225;-12.25;74;True
cafeWorld;1;1;32;0.900000;456;0.300000;0.010122;-11.58;72;True
cafeWorld;1;1;32;0.900000;457;0.300000;0.010021;-48.69;81;True
cafeWorld;1;1;32;0.900000;458;0.300000;0.010000;-15.39;91;True
cafeWorld;1;1;32;0.900000;459;0.300000;0.010000;-66.61;75;True
cafeWorld;1;1;32;0.900000;460;0.300000;0.010000;-11.60;83;True
cafeWorld;1;1;32;0.900000;461;0.300000;0.010000;-13.82;77;True
cafeWorld;1;1;32;0.900000;462;0.300000;0.010000;-14.82;82;True
cafeWorld;1;1;32;0.900000;463;0.300000;0.010000;-11.13;75;True
cafeWorld;1;1;32;0.900000;464;0.300000;0.010000;-16.46;80;True
cafeWorld;1;1;32;0.900000;465;0.300000;0.010000;-51.85;98;True
cafeWorld;1;1;32;0.900000;466;0.300000;0.010000;-15.95;84;True
cafeWorld;1;1;32;0.900000;467;0.300000;0.010000;-17.16;87;True
cafeWorld;1;1;32;0.900000;468;0.300000;0.010000;-12.98;77;True
cafeWorld;1;1;32;0.900000;469;0.300000;0.010000;-16.48;86;True
cafeWorld;1;1;32;0.900000;470;0.300000;0.010000;-19.59;96;True
cafeWorld;1;1;32;0.900000;471;0.300000;0.010000;-17.60;84;True
cafeWorld;1;1;32;0.900000;472;0.300000;0.010000;-8.62;78;True
cafeWorld;1;1;32;0.900000;473;0.300000;0.010000;-13.16;76;True
cafeWorld;1;1;32;0.900000;474;0.300000;0.010000;-17.72;90;True
cafeWorld;1;1;32;0.900000;475;0.300000;0.010000;-15.95;79;True
cafeWorld;1;1;32;0.900000;476;0.300000;0.010000;-14.13;79;True
cafeWorld;1;1;32;0.900000;477;0.300000;0.010000;-15.53;82;True
cafeWorld;1;1;32;0.900000;478;0.300000;0.010000;-11.16;71;True
cafeWorld;1;1;32;0.900000;479;0.300000;0.010000;-17.09;89;True
cafeWorld;1;1;32;0.900000;480;0.300000;0.010000;-17.59;84;True
cafeWorld;1;1;32;0.900000;481;0.300000;0.010000;-18.24;101;True
cafeWorld;1;1;32;0.900000;482;0.300000;0.010000;-18.48;91;True
cafeWorld;1;1;32;0.900000;483;0.300000;0.010000;-46.73;77;True
cafeWorld;1;1;32;0.900000;484;0.300000;0.010000;-13.82;82;True
cafeWorld;1;1;32;0.900000;485;0.300000;0.010000;-28.73;104;True
cafeWorld;1;1;32;0.900000;486;0.300000;0.010000;-12.20;74;True
cafeWorld;1;1;32;0.900000;487;0.300000;0.010000;-13.12;80;True
cafeWorld;1;1;32;0.900000;488;0.300000;0.010000;-13.74;76;True
cafeWorld;1;1;32;0.900000;489;0.300000;0.010000;-20.02;107;True
cafeWorld;1;1;32;0.900000;490;0.300000;0.010000;-12.88;79;True
cafeWorld;1;1;32;0.900000;491;0.300000;0.010000;-18.07;81;True
cafeWorld;1;1;32;0.900000;492;0.300000;0.010000;-17.64;86;True
cafeWorld;1;1;32;0.900000;493;0.300000;0.010000;-16.00;79;True
cafeWorld;1;1;32;0.900000;494;0.300000;0.010000;-17.58;88;True
cafeWorld;1;1;32;0.900000;495;0.300000;0.010000;-19.05;93;True
cafeWorld;1;1;32;0.900000;496;0.300000;0.010000;-18.18;97;True
cafeWorld;1;1;32;0.900000;497;0.300000;0.010000;-8.46;66;True
cafeWorld;1;1;32;0.900000;498;0.300000;0.010000;-14.77;79;True
cafeWorld;1;1;32;0.900000;499;0.300000;0.010000;-16.60;90;True
bookWorld;1;1;32;0.900000;0;0.300000;0.990000;-262.14;500;False
bookWorld;1;1;32;0.900000;1;0.300000;0.980100;-198.35;500;False
bookWorld;1;1;32;0.900000;2;0.300000;0.970299;-243.96;500;False
bookWorld;1;1;32;0.900000;3;0.300000;0.960596;-297.72;500;False
bookWorld;1;1;32;0.900000;4;0.300000;0.950990;-364.94;500;False
bookWorld;1;1;32;0.900000;5;0.300000;0.941480;-330.19;500;False
bookWorld;1;1;32;0.900000;6;0.300000;0.932065;-234.85;500;False
bookWorld;1;1;32;0.900000;7;0.300000;0.922745;-175.87;500;False
bookWorld;1;1;32;0.900000;8;0.300000;0.913517;-261.39;500;False
bookWorld;1;1;32;0.900000;9;0.300000;0.904382;-120.83;500;False
bookWorld;1;1;32;0.900000;10;0.300000;0.895338;-170.45;500;False
bookWorld;1;1;32;0.900000;11;0.300000;0.886385;-190.45;500;False
bookWorld;1;1;32;0.900000;12;0.300000;0.877521;-211.95;500;False
bookWorld;1;1;32;0.900000;13;0.300000;0.868746;-262.96;500;False
bookWorld;1;1;32;0.900000;14;0.300000;0.860058;-193.11;500;False
bookWorld;1;1;32;0.900000;15;0.300000;0.851458;-280.39;500;False
bookWorld;1;1;32;0.900000;16;0.300000;0.842943;-216.69;500;False
bookWorld;1;1;32;0.900000;17;0.300000;0.834514;-231.43;500;False
bookWorld;1;1;32;0.900000;18;0.300000;0.826169;-210.15;500;False
bookWorld;1;1;32;0.900000;19;0.300000;0.817907;-239.50;500;False
bookWorld;1;1;32;0.900000;20;0.300000;0.809728;-222.83;500;False
bookWorld;1;1;32;0.900000;21;0.300000;0.801631;-267.04;500;False
bookWorld;1;1;32;0.900000;22;0.300000;0.793614;-192.18;500;False
bookWorld;1;1;32;0.900000;23;0.300000;0.785678;-223.39;500;False
bookWorld;1;1;32;0.900000;24;0.300000;0.777821;-216.47;500;False
bookWorld;1;1;32;0.900000;25;0.300000;0.770043;-175.14;500;False
bookWorld;1;1;32;0.900000;26;0.300000;0.762343;-164.99;500;False
bookWorld;1;1;32;0.900000;27;0.300000;0.754719;-235.71;500;False
bookWorld;1;1;32;0.900000;28;0.300000;0.747172;-130.62;500;False
bookWorld;1;1;32;0.900000;29;0.300000;0.739700;-265.25;500;False
bookWorld;1;1;32;0.900000;30;0.300000;0.732303;-220.87;500;False
bookWorld;1;1;32;0.900000;31;0.300000;0.724980;-197.69;500;False
bookWorld;1;1;32;0.900000;32;0.300000;0.717731;-181.43;500;False
bookWorld;1;1;32;0.900000;33;0.300000;0.710553;-178.88;500;False
bookWorld;1;1;32;0.900000;34;0.300000;0.703448;-254.66;500;False
bookWorld;1;1;32;0.900000;35;0.300000;0.696413;-192.34;500;False
bookWorld;1;1;32;0.900000;36;0.300000;0.689449;-233.39;500;False
bookWorld;1;1;32;0.900000;37;0.300000;0.682555;-84.00;500;False
bookWorld;1;1;32;0.900000;38;0.300000;0.675729;-196.04;500;False
bookWorld;1;1;32;0.900000;39;0.300000;0.668972;-180.43;500;False
bookWorld;1;1;32;0.900000;40;0.300000;0.662282;-205.64;500;False
bookWorld;1;1;32;0.900000;41;0.300000;0.655659;-196.14;500;False
bookWorld;1;1;32;0.900000;42;0.300000;0.649103;-190.04;500;False
bookWorld;1;1;32;0.900000;43;0.300000;0.642612;-165.74;197;True
bookWorld;1;1;32;0.900000;44;0.300000;0.636185;-120.91;500;False
bookWorld;1;1;32;0.900000;45;0.300000;0.629824;-121.70;474;True
bookWorld;1;1;32;0.900000;46;0.300000;0.623525;-237.70;500;False
bookWorld;1;1;32;0.900000;47;0.300000;0.617290;-164.77;297;True
bookWorld;1;1;32;0.900000;48;0.300000;0.611117;-101.95;492;True
bookWorld;1;1;32;0.900000;49;0.300000;0.605006;-123.14;283;True
bookWorld;1;1;32;0.900000;50;0.300000;0.598956;-213.28;178;True
bookWorld;1;1;32;0.900000;51;0.300000;0.592966;-124.24;500;False
bookWorld;1;1;32;0.900000;52;0.300000;0.587037;-161.32;264;True
bookWorld;1;1;32;0.900000;53;0.300000;0.581166;-65.78;141;True
bookWorld;1;1;32;0.900000;54;0.300000;0.575355;-131.32;225;True
bookWorld;1;1;32;0.900000;55;0.300000;0.569601;-93.22;500;False
bookWorld;1;1;32;0.900000;56;0.300000;0.563905;-171.58;500;False
bookWorld;1;1;32;0.900000;57;0.300000;0.558266;-73.42;500;False
bookWorld;1;1;32;0.900000;58;0.300000;0.552683;-209.34;177;True
bookWorld;1;1;32;0.900000;59;0.300000;0.547157;-131.89;429;True
bookWorld;1;1;32;0.900000;60;0.300000;0.541685;-144.86;500;False
bookWorld;1;1;32;0.900000;61;0.300000;0.536268;-88.51;500;False
bookWorld;1;1;32;0.900000;62;0.300000;0.530906;-87.15;500;False
bookWorld;1;1;32;0.900000;63;0.300000;0.525596;-136.99;318;True
bookWorld;1;1;32;0.900000;64;0.300000;0.520341;-138.75;500;False
bookWorld;1;1;32;0.900000;65;0.300000;0.515137;-94.23;500;False
bookWorld;1;1;32;0.900000;66;0.300000;0.509986;-58.41;500;False
bookWorld;1;1;32;0.900000;67;0.300000;0.504886;-68.19;500;False
bookWorld;1;1;32;0.900000;68;0.300000;0.499837;-123.47;500;False
bookWorld;1;1;32;0.900000;69;0.300000;0.494839;-166.28;171;True
bookWorld;1;1;32;0.900000;70;0.300000;0.489890;-231.81;500;False
bookWorld;1;1;32;0.900000;71;0.300000;0.484991;-166.75;95;True
bookWorld;1;1;32;0.900000;72;0.300000;0.480141;-150.47;181;True
bookWorld;1;1;32;0.900000;73;0.300000;0.475340;-137.92;500;False
bookWorld;1;1;32;0.900000;74;0.300000;0.470587;-184.13;152;True
bookWorld;1;1;32;0.900000;75;0.300000;0.465881;-126.05;90;True
bookWorld;1;1;32;0.900000;76;0.300000;0.461222;-194.83;500;False
bookWorld;1;1;32;0.900000;77;0.300000;0.456610;-110.01;500;False
bookWorld;1;1;32;0.900000;78;0.300000;0.452044;-129.18;157;True
bookWorld;1;1;32;0.900000;79;0.300000;0.447523;-175.84;500;False
bookWorld;1;1;32;0.900000;80;0.300000;0.443048;-55.56;500;False
bookWorld;1;1;32;0.900000;81;0.300000;0.438618;-155.73;458;True
bookWorld;1;1;32;0.900000;82;0.300000;0.434231;-77.38;500;False
bookWorld;1;1;32;0.900000;83;0.300000;0.429889;-102.53;278;True
bookWorld;1;1;32;0.900000;84;0.300000;0.425590;-139.88;80;True
bookWorld;1;1;32;0.900000;85;0.300000;0.421334;-85.27;126;True
bookWorld;1;1;32;0.900000;86;0.300000;0.417121;-107.96;500;False
bookWorld;1;1;32;0.900000;87;0.300000;0.412950;-44.32;500;False
bookWorld;1;1;32;0.900000;88;0.300000;0.408820;-35.73;84;True
bookWorld;1;1;32;0.900000;89;0.300000;0.404732;-251.75;476;True
bookWorld;1;1;32;0.900000;90;0.300000;0.400685;-77.74;500;False
bookWorld;1;1;32;0.900000;91;0.300000;0.396678;-23.50;500;False
bookWorld;1;1;32;0.900000;92;0.300000;0.392711;-74.62;339;True
bookWorld;1;1;32;0.900000;93;0.300000;0.388784;-198.10;500;False
bookWorld;1;1;32;0.900000;94;0.300000;0.384896;-77.04;500;False
bookWorld;1;1;32;0.900000;95;0.300000;0.381047;-116.52;410;True
bookWorld;1;1;32;0.900000;96;0.300000;0.377237;-100.44;500;False
bookWorld;1;1;32;0.900000;97;0.300000;0.373464;-111.38;420;True
bookWorld;1;1;32;0.900000;98;0.300000;0.369730;-116.69;114;True
bookWorld;1;1;32;0.900000;99;0.300000;0.366032;-124.04;283;True
bookWorld;1;1;32;0.900000;100;0.300000;0.362372;-46.49;96;True
bookWorld;1;1;32;0.900000;101;0.300000;0.358748;-60.74;494;True
bookWorld;1;1;32;0.900000;102;0.300000;0.355161;-88.81;205;True
bookWorld;1;1;32;0.900000;103;0.300000;0.351609;-69.87;144;True
bookWorld;1;1;32;0.900000;104;0.300000;0.348093;-30.52;456;True
bookWorld;1;1;32;0.900000;105;0.300000;0.344612;-58.24;463;True
bookWorld;1;1;32;0.900000;106;0.300000;0.341166;-16.77;227;True
bookWorld;1;1;32;0.900000;107;0.300000;0.337754;-138.25;259;True
bookWorld;1;1;32;0.900000;108;0.300000;0.334377;-109.45;500;False
bookWorld;1;1;32;0.900000;109;0.300000;0.331033;-16.00;475;True
bookWorld;1;1;32;0.900000;110;0.300000;0.327723;1.58;255;True
bookWorld;1;1;32;0.900000;111;0.300000;0.324446;-20.83;88;True
bookWorld;1;1;32;0.900000;112;0.300000;0.321201;-38.45;142;True
bookWorld;1;1;32;0.900000;113;0.300000;0.317989;-106.41;225;True
bookWorld;1;1;32;0.900000;114;0.300000;0.314809;-49.70;197;True
bookWorld;1;1;32;0.900000;115;0.300000;0.311661;-35.28;92;True
bookWorld;1;1;32;0.900000;116;0.300000;0.308544;-65.46;164;True
bookWorld;1;1;32;0.900000;117;0.300000;0.305459;7.63;98;True
bookWorld;1;1;32;0.900000;118;0.300000;0.302404;-47.17;247;True
bookWorld;1;1;32;0.900000;119;0.300000;0.299380;-12.04;189;True
bookWorld;1;1;32;0.900000;120;0.300000;0.296387;7.29;131;True
bookWorld;1;1;32;0.900000;121;0.300000;0.293423;-18.58;201;True
bookWorld;1;1;32;0.900000;122;0.300000;0.290488;-25.77;106;True
bookWorld;1;1;32;0.900000;123;0.300000;0.287584;-76.27;157;True
bookWorld;1;1;32;0.900000;124;0.300000;0.284708;-87.90;155;True
bookWorld;1;1;32;0.900000;125;0.300000;0.281861;-86.39;99;True
bookWorld;1;1;32;0.900000;126;0.300000;0.279042;-37.32;93;True
bookWorld;1;1;32;0.900000;127;0.300000;0.276252;11.15;118;True
bookWorld;1;1;32;0.900000;128;0.300000;0.273489;-25.92;101;True
bookWorld;1;1;32;0.900000;129;0.300000;0.270754;-8.00;97;True
bookWorld;1;1;32;0.900000;130;0.300000;0.268047;-31.75;93;True
bookWorld;1;1;32;0.900000;131;0.300000;0.265366;-67.44;87;True
bookWorld;1;1;32;0.900000;132;0.300000;0.262713;-76.37;144;True
bookWorld;1;1;32;0.900000;133;0.300000;0.260085;-45.67;92;True
bookWorld;1;1;32;0.900000;134;0.300000;0.257485;41.74;77;True
bookWorld;1;1;32;0.900000;135;0.300000;0.254910;-42.85;90;True
bookWorld;1;1;32;0.900000;136;0.300000;0.252361;-54.72;106;True
bookWorld;1;1;32;0.900000;137;0.300000;0.249837;-32.29;64;True
bookWorld;1;1;32;0.900000;138;0.300000;0.247339;-5.53;82;True
bookWorld;1;1;32;0.900000;139;0.300000;0.244865;-98.16;94;True
bookWorld;1;1;32;0.900000;140;0.300000;0.242417;-55.66;103;True
bookWorld;1;1;32;0.900000;141;0.300000;0.239992;-81.44;100;True
bookWorld;1;1;32;0.900000;142;0.300000;0.237593;-19.16;80;True
bookWorld;1;1;32;0.900000;143;0.300000;0.235217;-11.09;104;True
bookWorld;1;1;32;0.900000;144;0.300000;0.232864;-21.85;92;True
bookWorld;1;1;32;0.900000;145;0.300000;0.230536;43.44;203;True
bookWorld;1;1;32;0.900000;146;0.300000;0.228230;-19.37;93;True
bookWorld;1;1;32;0.900000;147;0.300000;0.225948;-55.12;96;True
bookWorld;1;1;32;0.900000;148;0.300000;0.223689;20.83;154;True
bookWorld;1;1;32;0.900000;149;0.300000;0.221452;9.50;125;True
bookWorld;1;1;32;0.900000;150;0.300000;0.219237;-52.65;80;True
bookWorld;1;1;32;0.900000;151;0.300000;0.217045;-12.13;103;True
bookWorld;1;1;32;0.900000;152;0.300000;0.214874;-30.66;96;True
bookWorld;1;1;32;0.900000;153;0.300000;0.212726;-63.61;160;True
bookWorld;1;1;32;0.900000;154;0.300000;0.210598;-13.64;63;True
bookWorld;1;1;32;0.900000;155;0.300000;0.208492;14.59;87;True
bookWorld;1;1;32;0.900000;156;0.300000;0.206408;-49.03;87;True
bookWorld;1;1;32;0.900000;157;0.300000;0.204343;-48.49;96;True
bookWorld;1;1;32;0.900000;158;0.300000;0.202300;-6.58;81;True
bookWorld;1;1;32;0.900000;159;0.300000;0.200277;-11.24;79;True
bookWorld;1;1;32;0.900000;160;0.300000;0.198274;-17.78;89;True
bookWorld;1;1;32;0.900000;161;0.300000;0.196292;25.07;81;True
bookWorld;1;1;32;0.900000;162;0.300000;0.194329;-65.70;97;True
bookWorld;1;1;32;0.900000;163;0.300000;0.192385;-26.45;87;True
bookWorld;1;1;32;0.900000;164;0.300000;0.190461;45.19;82;True
bookWorld;1;1;32;0.900000;165;0.300000;0.188557;-39.28;88;True
bookWorld;1;1;32;0.900000;166;0.300000;0.186671;13.57;73;True
bookWorld;1;1;32;0.900000;167;0.300000;0.184805;-2.02;102;True
bookWorld;1;1;32;0.900000;168;0.300000;0.182957;-1.33;73;True
bookWorld;1;1;32;0.900000;169;0.300000;0.181127;-56.65;88;True
bookWorld;1;1;32;0.900000;170;0.300000;0.179316;24.80;81;True
bookWorld;1;1;32;0.900000;171;0.300000;0.177523;35.56;71;True
bookWorld;1;1;32;0.900000;172;0.300000;0.175747;8.50;76;True
bookWorld;1;1;32;0.900000;173;0.300000;0.173990;17.75;89;True
bookWorld;1;1;32;0.900000;174;0.300000;0.172250;27.13;79;True
bookWorld;1;1;32;0.900000;175;0.300000;0.170527;37.95;68;True
bookWorld;1;1;32;0.900000;176;0.300000;0.168822;-21.50;102;True
bookWorld;1;1;32;0.900000;177;0.300000;0.167134;46.15;68;True
bookWorld;1;1;32;0.900000;178;0.300000;0.165463;20.46;83;True
bookWorld;1;1;32;0.900000;179;0.300000;0.163808;-52.80;66;True
bookWorld;1;1;32;0.900000;180;0.300000;0.162170;-14.23;93;True
bookWorld;1;1;32;0.900000;181;0.300000;0.160548;26.23;75;True
bookWorld;1;1;32;0.900000;182;0.300000;0.158943;-25.15;81;True
bookWorld;1;1;32;0.900000;183;0.300000;0.157353;-2.32;79;True
bookWorld;1;1;32;0.900000;184;0.300000;0.155780;-34.76;93;True
bookWorld;1;1;32;0.900000;185;0.300000;0.154222;-53.37;89;True
bookWorld;1;1;32;0.900000;186;0.300000;0.152680;25.33;73;True
bookWorld;1;1;32;0.900000;187;0.300000;0.151153;-75.52;94;True
bookWorld;1;1;32;0.900000;188;0.300000;0.149641;36.19;95;True
bookWorld;1;1;32;0.900000;189;0.300000;0.148145;-10.46;89;True
bookWorld;1;1;32;0.900000;190;0.300000;0.146664;-1.18;102;True
bookWorld;1;1;32;0.900000;191;0.300000;0.145197;-25.09;69;True
bookWorld;1;1;32;0.900000;192;0.300000;0.143745;-18.81;67;True
bookWorld;1;1;32;0.900000;193;0.300000;0.142307;43.91;73;True
bookWorld;1;1;32;0.900000;194;0.300000;0.140884;0.87;81;True
bookWorld;1;1;32;0.900000;195;0.300000;0.139476;27.91;74;True
bookWorld;1;1;32;0.900000;196;0.300000;0.138081;4.08;85;True
bookWorld;1;1;32;0.900000;197;0.300000;0.136700;35.84;75;True
bookWorld;1;1;32;0.900000;198;0.300000;0.135333;-36.90;95;True
bookWorld;1;1;32;0.900000;199;0.300000;0.133980;-15.07;84;True
bookWorld;1;1;32;0.900000;200;0.300000;0.132640;-4.04;79;True
bookWorld;1;1;32;0.900000;201;0.300000;0.131313;-39.95;80;True
bookWorld;1;1;32;0.900000;202;0.300000;0.130000;-14.68;81;True
bookWorld;1;1;32;0.900000;203;0.300000;0.128700;-40.89;72;True
bookWorld;1;1;32;0.900000;204;0.300000;0.127413;-5.48;82;True
bookWorld;1;1;32;0.900000;205;0.300000;0.126139;68.49;80;True
bookWorld;1;1;32;0.900000;206;0.300000;0.124878;59.38;70;True
bookWorld;1;1;32;0.900000;207;0.300000;0.123629;-14.88;77;True
bookWorld;1;1;32;0.900000;208;0.300000;0.122393;29.91;69;True
bookWorld;1;1;32;0.900000;209;0.300000;0.121169;-14.60;104;True
bookWorld;1;1;32;0.900000;210;0.300000;0.119957;0.71;70;True
bookWorld;1;1;32;0.900000;211;0.300000;0.118758;-10.30;77;True
bookWorld;1;1;32;0.900000;212;0.300000;0.117570;22.45;87;True
bookWorld;1;1;32;0.900000;213;0.300000;0.116394;-13.51;72;True
bookWorld;1;1;32;0.900000;214;0.300000;0.115230;26.09;85;True
bookWorld;1;1;32;0.900000;215;0.300000;0.114078;5.82;77;True
bookWorld;1;1;32;0.900000;216;0.300000;0.112937;2.79;86;True
bookWorld;1;1;32;0.900000;217;0.300000;0.111808;-61.44;81;True
bookWorld;1;1;32;0.900000;218;0.300000;0.110690;-19.31;77;True
bookWorld;1;1;32;0.900000;219;0.300000;0.109583;-13.43;84;True
bookWorld;1;1;32;0.900000;220;0.300000;0.108487;45.38;89;True
bookWorld;1;1;32;0.900000;221;0.300000;0.107402;13.07;76;True
bookWorld;1;1;32;0.900000;222;0.300000;0.106328;-44.97;83;True
bookWorld;1;1;32;0.900000;223;0.300000;0.105265;38.02;70;True
bookWorld;1;1;32;0.900000;224;0.300000;0.104212;39.39;78;True
bookWorld;1;1;32;0.900000;225;0.300000;0.103170;2.27;69;True
bookWorld;1;1;32;0.900000;226;0.300000;0.102138;18.79;80;True
bookWorld;1;1;32;0.900000;227;0.300000;0.101117;-34.64;87;True
bookWorld;1;1;32;0.900000;228;0.300000;0.100106;35.64;67;True
bookWorld;1;1;32;0.900000;229;0.300000;0.099105;19.90;67;True
bookWorld;1;1;32;0.900000;230;0.300000;0.098114;-23.30;89;True
bookWorld;1;1;32;0.900000;231;0.300000;0.097133;35.75;84;True
bookWorld;1;1;32;0.900000;232;0.300000;0.096161;38.94;85;True
bookWorld;1;1;32;0.900000;233;0.300000;0.095200;-3.46;74;True
bookWorld;1;1;32;0.900000;234;0.300000;0.094248;10.13;78;True
bookWorld;1;1;32;0.900000;235;0.300000;0.093305;25.04;85;True
bookWorld;1;1;32;0.900000;236;0.300000;0.092372;24.19;72;True
bookWorld;1;1;32;0.900000;237;0.300000;0.091448;12.17;71;True
bookWorld;1;1;32;0.900000;238;0.300000;0.090534;-6.99;70;True
bookWorld;1;1;32;0.900000;239;0.300000;0.089629;4.60;83;True
bookWorld;1;1;32;0.900000;240;0.300000;0.088732;25.34;84;True
bookWorld;1;1;32;0.900000;241;0.300000;0.087845;58.62;64;True
bookWorld;1;1;32;0.900000;242;0.300000;0.086967;-26.41;83;True
bookWorld;1;1;32;0.900000;243;0.300000;0.086097;8.54;71;True
bookWorld;1;1;32;0.900000;244;0.300000;0.085236;8.88;83;True
bookWorld;1;1;32;0.900000;245;0.300000;0.084384;32.32;59;True
bookWorld;1;1;32;0.900000;246;0.300000;0.083540;31.41;96;True
bookWorld;1;1;32;0.900000;247;0.300000;0.082704;59.45;76;True
bookWorld;1;1;32;0.900000;248;0.300000;0.081877;-21.22;74;True
bookWorld;1;1;32;0.900000;249;0.300000;0.081059;25.85;67;True
bookWorld;1;1;32;0.900000;250;0.300000;0.080248;-54.11;67;True
bookWorld;1;1;32;0.900000;251;0.300000;0.079445;-18.13;80;True
bookWorld;1;1;32;0.900000;252;0.300000;0.078651;51.08;66;True
bookWorld;1;1;32;0.900000;253;0.300000;0.077864;-1.79;82;True
bookWorld;1;1;32;0.900000;254;0.300000;0.077086;30.20;67;True
bookWorld;1;1;32;0.900000;255;0.300000;0.076315;-48.84;75;True
bookWorld;1;1;32;0.900000;256;0.300000;0.075552;0.70;84;True
bookWorld;1;1;32;0.900000;257;0.300000;0.074796;38.39;78;True
bookWorld;1;1;32;0.900000;258;0.300000;0.074048;18.68;70;True
bookWorld;1;1;32;0.900000;259;0.300000;0.073308;20.16;73;True
bookWorld;1;1;32;0.900000;260;0.300000;0.072575;5.98;66;True
bookWorld;1;1;32;0.900000;261;0.300000;0.071849;51.78;82;True
bookWorld;1;1;32;0.900000;262;0.300000;0.071131;-15.50;73;True
bookWorld;1;1;32;0.900000;263;0.300000;0.070419;20.17;71;True
bookWorld;1;1;32;0.900000;264;0.300000;0.069715;0.89;71;True
bookWorld;1;1;32;0.900000;265;0.300000;0.069018;38.92;79;True
bookWorld;1;1;32;0.900000;266;0.300000;0.068328;-7.96;77;True
bookWorld;1;1;32;0.900000;267;0.300000;0.067644;67.89;63;True
bookWorld;1;1;32;0.900000;268;0.300000;0.066968;14.51;77;True
bookWorld;1;1;32;0.900000;269;0.300000;0.066298;37.20;63;True
bookWorld;1;1;32;0.900000;270;0.300000;0.065635;30.64;68;True
bookWorld;1;1;32;0.900000;271;0.300000;0.064979;67.97;72;True
bookWorld;1;1;32;0.900000;272;0.300000;0.064329;10.66;70;True
bookWorld;1;1;32;0.900000;273;0.300000;0.063686;58.38;66;True
bookWorld;1;1;32;0.900000;274;0.300000;0.063049;58.36;66;True
bookWorld;1;1;32;0.900000;275;0.300000;0.062419;35.63;66;True
bookWorld;1;1;32;0.900000;276;0.300000;0.061794;35.56;65;True
bookWorld;1;1;32;0.900000;277;0.300000;0.061176;57.26;69;True
bookWorld;1;1;32;0.900000;278;0.300000;0.060565;90.12;58;True
bookWorld;1;1;32;0.900000;279;0.300000;0.059959;26.20;83;True
bookWorld;1;1;32;0.900000;280;0.300000;0.059359;48.17;71;True
bookWorld;1;1;32;0.900000;281;0.300000;0.058766;28.23;69;True
bookWorld;1;1;32;0.900000;282;0.300000;0.058178;41.71;69;True
bookWorld;1;1;32;0.900000;283;0.300000;0.057596;-3.27;85;True
bookWorld;1;1;32;0.900000;284;0.300000;0.057020;43.21;90;True
bookWorld;1;1;32;0.900000;285;0.300000;0.056450;62.67;64;True
bookWorld;1;1;32;0.900000;286;0.300000;0.055886;64.57;63;True
bookWorld;1;1;32;0.900000;287;0.300000;0.055327;20.41;59;True
bookWorld;1;1;32;0.900000;288;0.300000;0.054774;55.25;66;True
bookWorld;1;1;32;0.900000;289;0.300000;0.054226;31.19;68;True
bookWorld;1;1;32;0.900000;290;0.300000;0.053684;26.77;65;True
bookWorld;1;1;32;0.900000;291;0.300000;0.053147;45.61;71;True
bookWorld;1;1;32;0.900000;292;0.300000;0.052615;9.37;62;True
bookWorld;1;1;32;0.900000;293;0.300000;0.052089;65.38;69;True
bookWorld;1;1;32;0.900000;294;0.300000;0.051568;16.38;61;True
bookWorld;1;1;32;0.900000;295;0.300000;0.051053;29.87;79;True
bookWorld;1;1;32;0.900000;296;0.300000;0.050542;21.90;70;True
bookWorld;1;1;32;0.900000;297;0.300000;0.050037;64.72;68;True
bookWorld;1;1;32;0.900000;298;0.300000;0.049536;62.37;66;True
bookWorld;1;1;32;0.900000;299;0.300000;0.049041;50.01;62;True
bookWorld;1;1;32;0.900000;300;0.300000;0.048550;-6.73;89;True
bookWorld;1;1;32;0.900000;301;0.300000;0.048065;12.09;70;True
bookWorld;1;1;32;0.900000;302;0.300000;0.047584;13.66;74;True
bookWorld;1;1;32;0.900000;303;0.300000;0.047108;52.65;67;True
bookWorld;1;1;32;0.900000;304;0.300000;0.046637;49.41;69;True
bookWorld;1;1;32;0.900000;305;0.300000;0.046171;84.30;65;True
bookWorld;1;1;32;0.900000;306;0.300000;0.045709;69.37;63;True
bookWorld;1;1;32;0.900000;307;0.300000;0.045252;14.71;72;True
bookWorld;1;1;32;0.900000;308;0.300000;0.044800;14.27;67;True
bookWorld;1;1;32;0.900000;309;0.300000;0.044352;13.84;70;True
bookWorld;1;1;32;0.900000;310;0.300000;0.043908;15.38;69;True
bookWorld;1;1;32;0.900000;311;0.300000;0.043469;45.77;52;True
bookWorld;1;1;32;0.900000;312;0.300000;0.043034;11.83;73;True
bookWorld;1;1;32;0.900000;313;0.300000;0.042604;20.79;82;True
bookWorld;1;1;32;0.900000;314;0.300000;0.042178;6.94;80;True
bookWorld;1;1;32;0.900000;315;0.300000;0.041756;70.04;58;True
bookWorld;1;1;32;0.900000;316;0.300000;0.041339;44.46;63;True
bookWorld;1;1;32;0.900000;317;0.300000;0.040925;49.00;63;True
bookWorld;1;1;32;0.900000;318;0.300000;0.040516;-18.70;72;True
bookWorld;1;1;32;0.900000;319;0.300000;0.040111;51.62;64;True
bookWorld;1;1;32;0.900000;320;0.300000;0.039710;62.68;71;True
bookWorld;1;1;32;0.900000;321;0.300000;0.039313;17.26;68;True
bookWorld;1;1;32;0.900000;322;0.300000;0.038920;66.35;66;True
bookWorld;1;1;32;0.900000;323;0.300000;0.038530;5.67;63;True
bookWorld;1;1;32;0.900000;324;0.300000;0.038145;80.69;62;True
bookWorld;1;1;32;0.900000;325;0.300000;0.037764;72.37;55;True
bookWorld;1;1;32;0.900000;326;0.300000;0.037386;55.14;73;True
bookWorld;1;1;32;0.900000;327;0.300000;0.037012;51.67;63;True
bookWorld;1;1;32;0.900000;328;0.300000;0.036642;57.06;63;True
bookWorld;1;1;32;0.900000;329;0.300000;0.036276;82.65;58;True
bookWorld;1;1;32;0.900000;330;0.300000;0.035913;19.36;68;True
bookWorld;1;1;32;0.900000;331;0.300000;0.035554;38.30;63;True
bookWorld;1;1;32;0.900000;332;0.300000;0.035198;100.57;55;True
bookWorld;1;1;32;0.900000;333;0.300000;0.034846;56.42;72;True
bookWorld;1;1;32;0.900000;334;0.300000;0.034498;61.44;65;True
bookWorld;1;1;32;0.900000;335;0.300000;0.034153;37.81;66;True
bookWorld;1;1;32;0.900000;336;0.300000;0.033811;12.75;77;True
bookWorld;1;1;32;0.900000;337;0.300000;0.033473;82.98;71;True
bookWorld;1;1;32;0.900000;338;0.300000;0.033138;68.25;60;True
bookWorld;1;1;32;0.900000;339;0.300000;0.032807;30.14;72;True
bookWorld;1;1;32;0.900000;340;0.300000;0.032479;80.48;62;True
bookWorld;1;1;32;0.900000;341;0.300000;0.032154;32.79;69;True
bookWorld;1;1;32;0.900000;342;0.300000;0.031833;100.12;67;True
bookWorld;1;1;32;0.900000;343;0.300000;0.031514;82.42;68;True
bookWorld;1;1;32;0.900000;344;0.300000;0.031199;-14.43;60;True
bookWorld;1;1;32;0.900000;345;0.300000;0.030887;82.35;64;True
bookWorld;1;1;32;0.900000;346;0.300000;0.030578;-17.57;82;True
bookWorld;1;1;32;0.900000;347;0.300000;0.030272;48.01;70;True
bookWorld;1;1;32;0.900000;348;0.300000;0.029970;74.09;67;True
bookWorld;1;1;32;0.900000;349;0.300000;0.029670;26.28;58;True
bookWorld;1;1;32;0.900000;350;0.300000;0.029373;100.86;57;True
bookWorld;1;1;32;0.900000;351;0.300000;0.029080;94.62;62;True
bookWorld;1;1;32;0.900000;352;0.300000;0.028789;47.79;65;True
bookWorld;1;1;32;0.900000;353;0.300000;0.028501;45.98;76;True
bookWorld;1;1;32;0.900000;354;0.300000;0.028216;121.72;60;True
bookWorld;1;1;32;0.900000;355;0.300000;0.027934;48.88;56;True
bookWorld;1;1;32;0.900000;356;0.300000;0.027654;52.63;63;True
bookWorld;1;1;32;0.900000;357;0.300000;0.027378;69.98;67;True
bookWorld;1;1;32;0.900000;358;0.300000;0.027104;88.82;57;True
bookWorld;1;1;32;0.900000;359;0.300000;0.026833;8.36;74;True
bookWorld;1;1;32;0.900000;360;0.300000;0.026565;90.21;60;True
bookWorld;1;1;32;0.900000;361;0.300000;0.026299;83.62;75;True
bookWorld;1;1;32;0.900000;362;0.300000;0.026036;41.89;63;True
bookWorld;1;1;32;0.900000;363;0.300000;0.025776;63.79;72;True
bookWorld;1;1;32;0.900000;364;0.300000;0.025518;89.86;65;True
bookWorld;1;1;32;0.900000;365;0.300000;0.025263;62.35;56;True
bookWorld;1;1;32;0.900000;366;0.300000;0.025010;83.88;56;True
bookWorld;1;1;32;0.900000;367;0.300000;0.024760;70.89;64;True
bookWorld;1;1;32;0.900000;368;0.300000;0.024512;80.16;62;True
bookWorld;1;1;32;0.900000;369;0.300000;0.024267;-14.11;68;True
bookWorld;1;1;32;0.900000;370;0.300000;0.024025;88.71;56;True
bookWorld;1;1;32;0.900000;371;0.300000;0.023784;64.78;74;True
bookWorld;1;1;32;0.900000;372;0.300000;0.023547;115.08;53;True
bookWorld;1;1;32;0.900000;373;0.300000;0.023311;75.06;57;True
bookWorld;1;1;32;0.900000;374;0.300000;0.023078;56.28;62;True
bookWorld;1;1;32;0.900000;375;0.300000;0.022847;17.42;75;True
bookWorld;1;1;32;0.900000;376;0.300000;0.022619;-3.77;67;True
bookWorld;1;1;32;0.900000;377;0.300000;0.022393;53.89;68;True
bookWorld;1;1;32;0.900000;378;0.300000;0.022169;52.49;65;True
bookWorld;1;1;32;0.900000;379;0.300000;0.021947;97.28;57;True
bookWorld;1;1;32;0.900000;380;0.300000;0.021727;95.69;59;True
bookWorld;1;1;32;0.900000;381;0.300000;0.021510;107.78;62;True
bookWorld;1;1;32;0.900000;382;0.300000;0.021295;66.72;58;True
bookWorld;1;1;32;0.900000;383;0.300000;0.021082;61.47;60;True
bookWorld;1;1;32;0.900000;384;0.300000;0.020871;90.41;60;True
bookWorld;1;1;32;0.900000;385;0.300000;0.020663;78.39;58;True
bookWorld;1;1;32;0.900000;386;0.300000;0.020456;22.29;64;True
bookWorld;1;1;32;0.900000;387;0.300000;0.020251;69.03;62;True
bookWorld;1;1;32;0.900000;388;0.300000;0.020049;32.82;60;True
bookWorld;1;1;32;0.900000;389;0.300000;0.019848;62.18;70;True
bookWorld;1;1;32;0.900000;390;0.300000;0.019650;50.51;65;True
bookWorld;1;1;32;0.900000;391;0.300000;0.019453;115.49;50;True
bookWorld;1;1;32;0.900000;392;0.300000;0.019259;59.51;64;True
bookWorld;1;1;32;0.900000;393;0.300000;0.019066;59.94;66;True
bookWorld;1;1;32;0.900000;394;0.300000;0.018876;59.07;54;True
bookWorld;1;1;32;0.900000;395;0.300000;0.018687;68.30;68;True
bookWorld;1;1;32;0.900000;396;0.300000;0.018500;-11.93;66;True
bookWorld;1;1;32;0.900000;397;0.300000;0.018315;67.17;65;True
bookWorld;1;1;32;0.900000;398;0.300000;0.018132;76.11;63;True
bookWorld;1;1;32;0.900000;399;0.300000;0.017951;100.83;53;True
bookWorld;1;1;32;0.900000;400;0.300000;0.017771;79.88;64;True
bookWorld;1;1;32;0.900000;401;0.300000;0.017593;50.35;64;True
bookWorld;1;1;32;0.900000;402;0.300000;0.017417;11.45;66;True
bookWorld;1;1;32;0.900000;403;0.300000;0.017243;33.74;76;True
bookWorld;1;1;32;0.900000;404;0.300000;0.017071;101.10;51;True
bookWorld;1;1;32;0.900000;405;0.300000;0.016900;8.34;68;True
bookWorld;1;1;32;0.900000;406;0.300000;0.016731;86.08;58;True
bookWorld;1;1;32;0.900000;407;0.300000;0.016564;71.38;57;True
bookWorld;1;1;32;0.900000;408;0.300000;0.016398;19.91;61;True
bookWorld;1;1;32;0.900000;409;0.300000;0.016234;107.59;60;True
bookWorld;1;1;32;0.900000;410;0.300000;0.016072;76.45;60;True
bookWorld;1;1;32;0.900000;411;0.300000;0.015911;104.32;61;True
bookWorld;1;1;32;0.900000;412;0.300000;0.015752;104.87;57;True
bookWorld;1;1;32;0.900000;413;0.300000;0.015594;74.62;60;True
bookWorld;1;1;32;0.900000;414;0.300000;0.015439;87.25;62;True
bookWorld;1;1;32;0.900000;415;0.300000;0.015284;73.19;63;True
bookWorld;1;1;32;0.900000;416;0.300000;0.015131;86.06;60;True
bookWorld;1;1;32;0.900000;417;0.300000;0.014980;73.05;57;True
bookWorld;1;1;32;0.900000;418;0.300000;0.014830;93.79;61;True
bookWorld;1;1;32;0.900000;419;0.300000;0.014682;88.56;60;True
bookWorld;1;1;32;0.900000;420;0.300000;0.014535;61.49;62;True
bookWorld;1;1;32;0.900000;421;0.300000;0.014390;92.21;52;True
bookWorld;1;1;32;0.900000;422;0.300000;0.014246;52.30;64;True
bookWorld;1;1;32;0.900000;423;0.300000;0.014103;84.16;53;True
bookWorld;1;1;32;0.900000;424;0.300000;0.013962;53.70;62;True
bookWorld;1;1;32;0.900000;425;0.300000;0.013823;87.35;59;True
bookWorld;1;1;32;0.900000;426;0.300000;0.013684;51.13;63;True
bookWorld;1;1;32;0.900000;427;0.300000;0.013548;43.32;65;True
bookWorld;1;1;32;0.900000;428;0.300000;0.013412;105.77;74;True
bookWorld;1;1;32;0.900000;429;0.300000;0.013278;90.70;58;True
bookWorld;1;1;32;0.900000;430;0.300000;0.013145;-17.44;67;True
bookWorld;1;1;32;0.900000;431;0.300000;0.013014;91.86;65;True
bookWorld;1;1;32;0.900000;432;0.300000;0.012884;58.74;71;True
bookWorld;1;1;32;0.900000;433;0.300000;0.012755;88.39;51;True
bookWorld;1;1;32;0.900000;434;0.300000;0.012627;45.50;59;True
bookWorld;1;1;32;0.900000;435;0.300000;0.012501;92.99;63;True
bookWorld;1;1;32;0.900000;436;0.300000;0.012376;86.52;61;True
bookWorld;1;1;32;0.900000;437;0.300000;0.012252;56.42;66;True
bookWorld;1;1;32;0.900000;438;0.300000;0.012130;84.16;63;True
bookWorld;1;1;32;0.900000;439;0.300000;0.012008;98.88;68;True
bookWorld;1;1;32;0.900000;440;0.300000;0.011888;50.07;57;True
bookWorld;1;1;32;0.900000;441;0.300000;0.011769;70.94;56;True
bookWorld;1;1;32;0.900000;442;0.300000;0.011652;87.25;58;True
bookWorld;1;1;32;0.900000;443;0.300000;0.011535;29.40;74;True
bookWorld;1;1;32;0.900000;444;0.300000;0.011420;76.46;54;True
bookWorld;1;1;32;0.900000;445;0.300000;0.011306;84.46;58;True
bookWorld;1;1;32;0.900000;446;0.300000;0.011193;83.78;61;True
bookWorld;1;1;32;0.900000;447;0.300000;0.011081;77.85;60;True
bookWorld;1;1;32;0.900000;448;0.300000;0.010970;96.20;52;True
bookWorld;1;1;32;0.900000;449;0.300000;0.010860;22.96;66;True
bookWorld;1;1;32;0.900000;450;0.300000;0.010752;77.33;67;True
bookWorld;1;1;32;0.900000;451;0.300000;0.010644;65.99;61;True
bookWorld;1;1;32;0.900000;452;0.300000;0.010538;100.64;60;True
bookWorld;1;1;32;0.900000;453;0.300000;0.010432;56.83;62;True
bookWorld;1;1;32;0.900000;454;0.300000;0.010328;83.05;56;True
bookWorld;1;1;32;0.900000;455;0.300000;0.010225;114.11;51;True
bookWorld;1;1;32;0.900000;456;0.300000;0.010122;9.06;53;True
bookWorld;1;1;32;0.900000;457;0.300000;0.010021;54.42;59;True
bookWorld;1;1;32;0.900000;458;0.300000;0.010000;121.44;61;True
bookWorld;1;1;32;0.900000;459;0.300000;0.010000;86.19;59;True
bookWorld;1;1;32;0.900000;460;0.300000;0.010000;56.06;60;True
bookWorld;1;1;32;0.900000;461;0.300000;0.010000;87.85;57;True
bookWorld;1;1;32;0.900000;462;0.300000;0.010000;82.57;59;True
bookWorld;1;1;32;0.900000;463;0.300000;0.010000;38.45;67;True
bookWorld;1;1;32;0.900000;464;0.300000;0.010000;57.72;66;True
bookWorld;1;1;32;0.900000;465;0.300000;0.010000;53.65;59;True
bookWorld;1;1;32;0.900000;466;0.300000;0.010000;12.03;57;True
bookWorld;1;1;32;0.900000;467;0.300000;0.010000;89.01;64;True
bookWorld;1;1;32;0.900000;468;0.300000;0.010000;74.99;58;True
bookWorld;1;1;32;0.900000;469;0.300000;0.010000;72.71;59;True
bookWorld;1;1;32;0.900000;470;0.300000;0.010000;83.07;62;True
bookWorld;1;1;32;0.900000;471;0.300000;0.010000;33.28;67;True
bookWorld;1;1;32;0.900000;472;0.300000;0.010000;57.13;59;True
bookWorld;1;1;32;0.900000;473;0.300000;0.010000;83.81;62;True
bookWorld;1;1;32;0.900000;474;0.300000;0.010000;35.99;62;True
bookWorld;1;1;32;0.900000;475;0.300000;0.010000;89.33;54;True
bookWorld;1;1;32;0.900000;476;0.300000;0.010000;15.39;76;True
bookWorld;1;1;32;0.900000;477;0.300000;0.010000;64.34;61;True
bookWorld;1;1;32;0.900000;478;0.300000;0.010000;76.88;61;True
bookWorld;1;1;32;0.900000;479;0.300000;0.010000;51.04;68;True
bookWorld;1;1;32;0.900000;480;0.300000;0.010000;35.16;63;True
bookWorld;1;1;32;0.900000;481;0.300000;0.010000;67.80;60;True
bookWorld;1;1;32;0.900000;482;0.300000;0.010000;92.69;60;True
bookWorld;1;1;32;0.900000;483;0.300000;0.010000;65.38;69;True
bookWorld;1;1;32;0.900000;484;0.300000;0.010000;54.67;57;True
bookWorld;1;1;32;0.900000;485;0.300000;0.010000;60.77;62;True
bookWorld;1;1;32;0.900000;486;0.300000;0.010000;124.32;59;True
bookWorld;1;1;32;0.900000;487;0.300000;0.010000;71.31;61;True
bookWorld;1;1;32;0.900000;488;0.300000;0.010000;71.11;59;True
bookWorld;1;1;32;0.900000;489;0.300000;0.010000;70.55;65;True
bookWorld;1;1;32;0.900000;490;0.300000;0.010000;47.65;59;True
bookWorld;1;1;32;0.900000;491;0.300000;0.010000;67.87;58;True
bookWorld;1;1;32;0.900000;492;0.300000;0.010000;75.93;62;True
bookWorld;1;1;32;0.900000;493;0.300000;0.010000;71.46;60;True
bookWorld;1;1;32;0.900000;494;0.300000;0.010000;86.70;51;True
bookWorld;1;1;32;0.900000;495;0.300000;0.010000;36.02;67;True
bookWorld;1;1;32;0.900000;496;0.300000;0.010000;49.45;56;True
bookWorld;1;1;32;0.900000;497;0.300000;0.010000;61.03;70;True
bookWorld;1;1;32;0.900000;498;0.300000;0.010000;48.91;60;True
bookWorld;1;1;32;0.900000;499;0.300000;0.010000;92.70;67;True
